{
    "silhouette_score": -0.21958827956735177,
    "davies_bouldin_index": 2.097042884983328
}