{
    "silhouette_score": -0.434106780361569,
    "davies_bouldin_index": 1.7687775152575622
}