{
    "silhouette_score": 0.11554403454108654,
    "davies_bouldin_index": 2.6472887481629974
}