{
    "silhouette_score": 0.3151862330494096,
    "davies_bouldin_index": 1.5394468146676619
}