{
    "accuracy": 0.7440524284047042,
    "precision": 0.7548325811429147,
    "recall": 0.7440524284047042,
    "f1_score": 0.7471681672135689,
    "roc_auc": null,
    "cv_mean": 0.7441474199268286
}