{
    "accuracy": 0.9736842105263158,
    "precision": 0.9737190197716513,
    "recall": 0.9736842105263158,
    "f1_score": 0.973621425014614,
    "roc_auc": null,
    "cv_mean": 0.9758241758241759
}