{
    "accuracy": 0.7462967950444385,
    "precision": 0.7529432319297218,
    "recall": 0.7462967950444385,
    "f1_score": 0.7485768242554468,
    "roc_auc": 0.8282509001376461,
    "cv_mean": 0.7447309945458218
}