{
    "accuracy": 0.8342759673220217,
    "precision": 0.8363228354685893,
    "recall": 0.8342759673220217,
    "f1_score": 0.8350388436777229,
    "roc_auc": 0.9172782208446825,
    "cv_mean": 0.8109442686238862
}