{
    "accuracy": 0.9649122807017544,
    "precision": 0.9652053622194477,
    "recall": 0.9649122807017544,
    "f1_score": 0.9647382344750765,
    "roc_auc": null,
    "cv_mean": 0.9582417582417582
}