{
    "accuracy": 0.8287099380554808,
    "precision": 0.8293964895370575,
    "recall": 0.8287099380554808,
    "f1_score": 0.8290173169984005,
    "roc_auc": 0.9149640097542542,
    "cv_mean": 0.8082284021278028
}