{
    "accuracy": 0.956140350877193,
    "precision": 0.9560881370091896,
    "recall": 0.956140350877193,
    "f1_score": 0.9560357083576898,
    "roc_auc": null,
    "cv_mean": 0.9582417582417582
}