{
    "accuracy": 0.9824561403508771,
    "precision": 0.9829367940398942,
    "recall": 0.9824561403508771,
    "f1_score": 0.9823691172375383,
    "roc_auc": null,
    "cv_mean": 0.9736263736263737
}